{
    "toggle": ["LCTRL", "LOPTION"],
    "encodings": {
        "a"     :   "а",
        "b"     :   "б",
        "v"     :   "в",
        "g"     :   "г",
        "d"     :   "д",
        "e"     :   "е",
        "jo"    :   "ё",
        "zh"    :   "ж",
        "z"     :   "з",
        "i"     :   "и",
        "j"     :   "й",
        "k"     :   "к",
        "q"     :   "к",
        "l"     :   "л",
        "m"     :   "м",
        "n"     :   "н",
        "o"     :   "о",
        "p"     :   "п",
        "r"     :   "р",
        "s"     :   "с",
        "t"     :   "т",
        "u"     :   "у",
        "f"     :   "ф",
        "x"     :   "х",
        "h"     :   "х",
        "c"     :   "ц",
        "ch"    :   "ч",
        "sh"    :   "ш",
        "shh"   :   "щ",
        "''"    :   "ъ",
        "y"     :   "ы",
        "'"     :   "ь",
        "je"    :   "э",
        "yu"    :   "ю",
        "ya"    :   "я"
    }
}
